{
  "model_type": "XGboost",
  "training_samples": 7990,
  "test_samples": 1998,
  "features_used": 10,
  "training_time": 0.31354546546936035,
  "model_path": "artifacts/models/churn_analysis.joblib",
  "performance_metrics": {
    "accuracy": 0.8483483483483484,
    "precision": 0.7104377104377104,
    "recall": 0.4929906542056075,
    "f1": 0.5820689655172414,
    "training_time_seconds": 0.31354546546936035,
    "model_complexity": 100,
    "max_depth": 10
  },
  "timestamp": "2025-09-01T17:52:09.824540"
}